﻿<?xml version="1.0" encoding="utf-8"?>
<root>
  <invoice number="1">
    <model>Redmi Note 10 Pro</model>
    <detailPrice>2000</detailPrice>
    <workPrice>800</workPrice>
    <date>12.05.2024</date>
    <master>Чипіжко</master>
  </invoice>
  <invoice number="5">
    <model>Iphone 15 pro max</model>
    <detailPrice>2000</detailPrice>
    <workPrice>1000</workPrice>
    <date>11.05.2024</date>
    <master>Іванов</master>
  </invoice>
  <invoice number="2">
    <model>Lenovo IdeaPad 3</model>
    <detailPrice>1500</detailPrice>
    <workPrice>1000</workPrice>
    <date>13.05.2024</date>
    <master>Кременчуцька</master>
  </invoice>
  <invoice number="4">
    <model>Panasonic xbs</model>
    <detailPrice>450</detailPrice>
    <workPrice>7000</workPrice>
    <date>20.05.2024</date>
    <master>Кравченко</master>
  </invoice>
  <invoice number="3">
    <model>Workcentre 3119</model>
    <detailPrice>500</detailPrice>
    <workPrice>1500</workPrice>
    <date>18.05.2024</date>
    <master>Терещенко</master>
  </invoice>
	<invoice number="6">
		<model>Samsung Galaxy S23</model>
		<detailPrice>500</detailPrice>
		<workPrice>1000</workPrice>
		<date>12.05.2024</date>
		<master>Терещенко</master>
	</invoice>
	<invoice number="9">
		<model>Dell XPS 13</model>
		<detailPrice>5000</detailPrice>
		<workPrice>700</workPrice>
		<date>18.04.2024</date>
		<master>Терещенко</master>
	</invoice>
	<invoice number="7">
		<model>Bosch Series 8 Oven</model>
		<detailPrice>1200</detailPrice>
		<workPrice>1100</workPrice>
		<date>13.05.2024</date>
		<master>Кравченко</master>
	</invoice>
	<invoice number="8">
		<model>Dyson V15 Detect Vacuum</model>
		<detailPrice>500</detailPrice>
		<workPrice>1500</workPrice>
		<date>10.05.2024</date>
		<master>Іванов</master>
	</invoice>
	<invoice number="12">
		<model>Apple MacBook Air M2</model>
		<detailPrice>850</detailPrice>
		<workPrice>600</workPrice>
		<date>08.05.2024</date>
		<master>Терещенко</master>
	</invoice>
	<invoice number="11">
		<model>Philips Hue Smart Bulbs</model>
		<detailPrice>550</detailPrice>
		<workPrice>1250</workPrice>
		<date>23.05.2024</date>
		<master>Кременчуцька</master>
	</invoice>
	<invoice number="14">
		<model>Microsoft Surface Pro 9</model>
		<detailPrice>200</detailPrice>
		<workPrice>800</workPrice>
		<date>25.05.2024</date>
		<master>Терещенко</master>
	</invoice>
	<invoice number="10">
		<model>Nespresso Vertuo Next Coffee Maker</model>
		<detailPrice>900</detailPrice>
		<workPrice>1850</workPrice>
		<date>25.06.2024</date>
		<master>Чипіжко</master>
	</invoice>
	<invoice number="13">
		<model>Sony Bravia XR OLED</model>
		<detailPrice>3000</detailPrice>
		<workPrice>1500</workPrice>
		<date>15.05.2024</date>
		<master>Терещенко</master>
	</invoice>
</root>