﻿<?xml version="1.0" encoding="utf-8"?>
<root>
  <invoice number="1">
    <model>Redmi Note 10 Pro</model>
    <detailPrice>2000</detailPrice>
    <workPrice>800</workPrice>
    <date>12.05.2024</date>
    <master>Чипіжко</master>
  </invoice>
  <invoice number="2">
    <model>Lenovo IdeaPad 3</model>
    <detailPrice>1500</detailPrice>
    <workPrice>1000</workPrice>
    <date>13.05.2024</date>
    <master>Кременчуцька</master>
  </invoice>
  <invoice number="3">
    <model>Workcentre 3119</model>
    <detailPrice>500</detailPrice>
    <workPrice>1500</workPrice>
    <date>18.05.2024</date>
    <master>Терещенко</master>
  </invoice>
  <invoice number="4">
    <model>Panasonic xbs</model>
    <detailPrice>450</detailPrice>
    <workPrice>7000</workPrice>
    <date>20.05.2024</date>
    <master>Кравченко</master>
  </invoice>
  <invoice number="5">
    <model>Iphone 15 pro max</model>
    <detailPrice>2000</detailPrice>
    <workPrice>1000</workPrice>
    <date>11.05.2024</date>
    <master>Іванов</master>
  </invoice>
</root>